oldtags,newtags
adventure,active
alternative culture,art
alternative culture,relax
amateur archaeology,history
ambiance,restaurant
ambiance,relax
ancient landmarks,nature
ancient landmarks,relax
aquarium,leisure
aquarium,relax
archeology,history
architecture,art
architecture,city
art,art
art galleries,art
art galleries,leisure
atmosphere,relax
bar-hopping,drinking
beach,leisure
beach,relax
beach walks,nature
beach walks,relax
beaches for kids,nature
beaches for kids,family friendly
beautiful forests,nature
beautiful forests,relax
beer,drinking
bird watching,nature
bird watching,relax
boating,nature
boating,active
botanical garden,nature
botanical garden,relax
caf√©s,restaurant
carnival,leisure
carnival,active
cathedral,museum
cathedral,relax
cheese,restaurant
cheese,relax
chinatown,authentic
chocolate,restaurant
christmas markets,shopping
churches,museum
churches,relax
city trip,museum
city trip,active
city walks,city
city walks,active
classical music,music
classical music,relax
clean air,nature
clean air,relax
clean streets,city
climbing,nature
climbing,active
clubbing,leisure
clubbing,active
coastal walks,nature
coastal walks,relax
cocktails,drinking
coffee,restaurant
comics,leisure
comics,relax
convenient public transport,city
country music,music
country music,relax
country walks,nature
country walks,relax
countryside,nature
cross-country skiing,sport
cross-country skiing,active
culturally diverse food,authentic
culture,art
culture,history
cycling,sport
cycling,active
deep sea fishing,leisure
deep sea fishing,relax
desert,nature
design,art
diving,sport
diving,active
dolphin watching,nature
dolphin watching,relax
entertainment,leisure
excursions,museum
excursions,city
family friendly,family friendly
farmer's markets,shopping
fashion bargains,leisure
fast food,fast food
fine art museums,museum
fine dining,restaurant
fine dining,relax
fish and chips,fast food
fish market,shopping
fishing,leisure
fishing,nature
food,restaurant
food trucks,fast food
football,sport
football,active
forest,nature
forest,relax
fountain,art
friendly people,family friendly
galleries,art
gambling,leisure
gambling,relax
glacier tours,nature
golf,sport
golf,active
gourmet food,restaurant
harbour,city
health spas,leisure
health spas,relax
healthy food,restaurant
heliskiing,sport
heliskiing,active
high tea,authentic
high tea,relax
hiking,nature
hiking,active
history,history
horse racing,sport
horse racing,active
horse riding,sport
horse riding,active
ice sculptures,art
indoor skiing,sport
indoor skiing,active
jazz,music
jazz,relax
kayaking,nature
kayaking,active
lakes,nature
live music,music
live music,relax
local food,restaurant
luxury brand shopping,shopping
markets,shopping
meeting new people,family friendly
mini golf,leisure
mini golf,active
modern art,art
monuments,museum
monuments,city
motorcycling,sport
motorcycling,active
mountain bike,sport
mountain bike,active
mountain walks,nature
mountain walks,active
mountains,nature
museums,museum
musicals,music
naturalist beaches,nature
nature,nature
nature walks,nature
nightlife,leisure
nightlife,active
northern lights,nature
old town,city
opera,music
opera,relax
organic food,restaurant
outdoor activities,active
outlets,shopping
parks,nature
people watching,family friendly
photography,art
pizza,fast food
promenade,city
pub-hopping,drinking
pub-hopping,active
rafting,sport
rafting,active
rainforest,nature
rainforest,relax
relaxation,relax
restaurants,restaurant
river fishing,nature
river fishing,relax
riverside walks,nature
riverside walks,relax
road trips,city
road trips,active
romantic,relax
running,sport
running,active
sailing,leisure
sailing,active
sand beaches,nature
scenery,nature
seafood,restaurant
seaside,nature
shopping,shopping
shopping for accessories,shopping
shopping for antiques,shopping
shopping for art,shopping
shopping for clothes,shopping
shopping for electronics,shopping
shopping for food,shopping
shopping for makeup,shopping
shopping for shoes,shopping
shopping for wine,shopping
sightseeing,city
skyline,nature
spicy food,restaurant
sport,sport
street food,fast food
street markets,city
street musicians,city
street musicians,music
street performers,city
street performers,art
sun bathing,nature
sun bathing,relax
sunsets,nature
surfing,sport
surfing,active
sushi,authentic
sushi,restaurant
swimming pools,sport
swimming pools,active
tapas,authentic
tapas,drinking
theatre,art
theatre,relax
theme parks,leisure
theme parks,active
tourism,active
tours,city
traditional food,authentic
traditional food,restaurant
trail walking,nature
tranquility,relax
universal studios,leisure
vegetarian cuisine,restaurant
vineyards,nature
vineyards,drinking
walking,family friendly
walking with kids,family friendly
walking with pets,family friendly
water sports,sport
water sports,active
wild swimming,sport
wild swimming,active
wildlife,nature
wine travel,city
wine travel,drinking
winter sports,sport
winter sports,active
yoga,sport
yoga,active
zoo,leisure
zoo,family friendly
